{"cameraMode":{"drawMode":0,"name":"Shaded","section":"Shading Mode"},"sceneLighting":true,"audioPlay":false,"sceneViewState":{"showFog":false,"showMaterialUpdate":false,"showSkybox":false,"showFlares":false,"showImageEffects":false,"showParticleSystems":false},"in2DMode":false,"pivot":{"x":-4.083093643188477,"y":-0.6759662628173828,"z":0.9972469806671143},"rotation":{"x":-0.15722283720970155,"y":0.6792989373207092,"z":-0.1524834930896759,"w":-0.7004161477088928},"size":12.759207725524903,"orthographic":false}